<?xml version="1.0" encoding="UTF-8"?>
<!DOCTYPE mapper PUBLIC "-//mybatis.org//DTD Mapper 3.0//EN" "http://mybatis.org/dtd/mybatis-3-mapper.dtd">
<mapper namespace="com.example.lab2.mapper.GoodPOMapper">
  <resultMap id="BaseResultMap" type="com.example.lab2.PO.GoodPO">
    <!--
      WARNING - @mbg.generated
      This element is automatically generated by MyBatis Generator, do not modify.
    -->
    <id column="id" jdbcType="BIGINT" property="id" />
    <result column="name" jdbcType="VARCHAR" property="name" />
    <result column="brand_id" jdbcType="BIGINT" property="brandId" />
    <result column="category_id" jdbcType="BIGINT" property="categoryId" />
    <result column="freight_id" jdbcType="BIGINT" property="freightId" />
    <result column="shop_id" jdbcType="BIGINT" property="shopId" />
    <result column="goods_sn" jdbcType="VARCHAR" property="goodsSn" />
    <result column="detail" jdbcType="VARCHAR" property="detail" />
    <result column="image_url" jdbcType="VARCHAR" property="imageUrl" />
    <result column="disabled" jdbcType="TINYINT" property="disabled" />
    <result column="gmt_create" jdbcType="TIMESTAMP" property="gmtCreate" />
    <result column="gmt_modify" jdbcType="TIMESTAMP" property="gmtModify" />
  </resultMap>
  <sql id="Example_Where_Clause">
    <!--
      WARNING - @mbg.generated
      This element is automatically generated by MyBatis Generator, do not modify.
    -->
    <where>
      <foreach collection="oredCriteria" item="criteria" separator="or">
        <if test="criteria.valid">
          <trim prefix="(" prefixOverrides="and" suffix=")">
            <foreach collection="criteria.criteria" item="criterion">
              <choose>
                <when test="criterion.noValue">
                  and ${criterion.condition}
                </when>
                <when test="criterion.singleValue">
                  and ${criterion.condition} #{criterion.value}
                </when>
                <when test="criterion.betweenValue">
                  and ${criterion.condition} #{criterion.value} and #{criterion.secondValue}
                </when>
                <when test="criterion.listValue">
                  and ${criterion.condition}
                  <foreach close=")" collection="criterion.value" item="listItem" open="(" separator=",">
                    #{listItem}
                  </foreach>
                </when>
              </choose>
            </foreach>
          </trim>
        </if>
      </foreach>
    </where>
  </sql>
  <sql id="Base_Column_List">
    <!--
      WARNING - @mbg.generated
      This element is automatically generated by MyBatis Generator, do not modify.
    -->
    id, name, brand_id, category_id, freight_id, shop_id, goods_sn, detail, image_url, 
    disabled, gmt_create, gmt_modify
  </sql>
  <select id="selectByExample" parameterType="com.example.lab2.PO.GoodPOExample" resultMap="BaseResultMap">
    <!--
      WARNING - @mbg.generated
      This element is automatically generated by MyBatis Generator, do not modify.
    -->
    select
    <if test="distinct">
      distinct
    </if>
    'false' as QUERYID,
    <include refid="Base_Column_List" />
    from goods
    <if test="_parameter != null">
      <include refid="Example_Where_Clause" />
    </if>
    <if test="orderByClause != null">
      order by ${orderByClause}
    </if>
  </select>
  <select id="selectByPrimaryKey" parameterType="java.lang.Long" resultMap="BaseResultMap">
    <!--
      WARNING - @mbg.generated
      This element is automatically generated by MyBatis Generator, do not modify.
    -->
    select 
    <include refid="Base_Column_List" />
    from goods
    where id = #{id,jdbcType=BIGINT}
  </select>
  <delete id="deleteByPrimaryKey" parameterType="java.lang.Long">
    <!--
      WARNING - @mbg.generated
      This element is automatically generated by MyBatis Generator, do not modify.
    -->
    delete from goods
    where id = #{id,jdbcType=BIGINT}
  </delete>
  <insert id="insert" parameterType="com.example.lab2.PO.GoodPO">
    <!--
      WARNING - @mbg.generated
      This element is automatically generated by MyBatis Generator, do not modify.
    -->
    <selectKey keyProperty="id" order="AFTER" resultType="java.lang.Long">
      SELECT LAST_INSERT_ID()
    </selectKey>
    insert into goods (name, brand_id, category_id, 
      freight_id, shop_id, goods_sn, 
      detail, image_url, disabled, 
      gmt_create, gmt_modify)
    values (#{name,jdbcType=VARCHAR}, #{brandId,jdbcType=BIGINT}, #{categoryId,jdbcType=BIGINT}, 
      #{freightId,jdbcType=BIGINT}, #{shopId,jdbcType=BIGINT}, #{goodsSn,jdbcType=VARCHAR}, 
      #{detail,jdbcType=VARCHAR}, #{imageUrl,jdbcType=VARCHAR}, #{disabled,jdbcType=TINYINT}, 
      #{gmtCreate,jdbcType=TIMESTAMP}, #{gmtModify,jdbcType=TIMESTAMP})
  </insert>
  <insert id="insertSelective" parameterType="com.example.lab2.PO.GoodPO">
    <!--
      WARNING - @mbg.generated
      This element is automatically generated by MyBatis Generator, do not modify.
    -->
    <selectKey keyProperty="id" order="AFTER" resultType="java.lang.Long">
      SELECT LAST_INSERT_ID()
    </selectKey>
    insert into goods
    <trim prefix="(" suffix=")" suffixOverrides=",">
      <if test="name != null">
        name,
      </if>
      <if test="brandId != null">
        brand_id,
      </if>
      <if test="categoryId != null">
        category_id,
      </if>
      <if test="freightId != null">
        freight_id,
      </if>
      <if test="shopId != null">
        shop_id,
      </if>
      <if test="goodsSn != null">
        goods_sn,
      </if>
      <if test="detail != null">
        detail,
      </if>
      <if test="imageUrl != null">
        image_url,
      </if>
      <if test="disabled != null">
        disabled,
      </if>
      <if test="gmtCreate != null">
        gmt_create,
      </if>
      <if test="gmtModify != null">
        gmt_modify,
      </if>
    </trim>
    <trim prefix="values (" suffix=")" suffixOverrides=",">
      <if test="name != null">
        #{name,jdbcType=VARCHAR},
      </if>
      <if test="brandId != null">
        #{brandId,jdbcType=BIGINT},
      </if>
      <if test="categoryId != null">
        #{categoryId,jdbcType=BIGINT},
      </if>
      <if test="freightId != null">
        #{freightId,jdbcType=BIGINT},
      </if>
      <if test="shopId != null">
        #{shopId,jdbcType=BIGINT},
      </if>
      <if test="goodsSn != null">
        #{goodsSn,jdbcType=VARCHAR},
      </if>
      <if test="detail != null">
        #{detail,jdbcType=VARCHAR},
      </if>
      <if test="imageUrl != null">
        #{imageUrl,jdbcType=VARCHAR},
      </if>
      <if test="disabled != null">
        #{disabled,jdbcType=TINYINT},
      </if>
      <if test="gmtCreate != null">
        #{gmtCreate,jdbcType=TIMESTAMP},
      </if>
      <if test="gmtModify != null">
        #{gmtModify,jdbcType=TIMESTAMP},
      </if>
    </trim>
  </insert>
  <update id="updateByPrimaryKeySelective" parameterType="com.example.lab2.PO.GoodPO">
    <!--
      WARNING - @mbg.generated
      This element is automatically generated by MyBatis Generator, do not modify.
    -->
    update goods
    <set>
      <if test="name != null">
        name = #{name,jdbcType=VARCHAR},
      </if>
      <if test="brandId != null">
        brand_id = #{brandId,jdbcType=BIGINT},
      </if>
      <if test="categoryId != null">
        category_id = #{categoryId,jdbcType=BIGINT},
      </if>
      <if test="freightId != null">
        freight_id = #{freightId,jdbcType=BIGINT},
      </if>
      <if test="shopId != null">
        shop_id = #{shopId,jdbcType=BIGINT},
      </if>
      <if test="goodsSn != null">
        goods_sn = #{goodsSn,jdbcType=VARCHAR},
      </if>
      <if test="detail != null">
        detail = #{detail,jdbcType=VARCHAR},
      </if>
      <if test="imageUrl != null">
        image_url = #{imageUrl,jdbcType=VARCHAR},
      </if>
      <if test="disabled != null">
        disabled = #{disabled,jdbcType=TINYINT},
      </if>
      <if test="gmtCreate != null">
        gmt_create = #{gmtCreate,jdbcType=TIMESTAMP},
      </if>
      <if test="gmtModify != null">
        gmt_modify = #{gmtModify,jdbcType=TIMESTAMP},
      </if>
    </set>
    where id = #{id,jdbcType=BIGINT}
  </update>
  <update id="updateByPrimaryKey" parameterType="com.example.lab2.PO.GoodPO">
    <!--
      WARNING - @mbg.generated
      This element is automatically generated by MyBatis Generator, do not modify.
    -->
    update goods
    set name = #{name,jdbcType=VARCHAR},
      brand_id = #{brandId,jdbcType=BIGINT},
      category_id = #{categoryId,jdbcType=BIGINT},
      freight_id = #{freightId,jdbcType=BIGINT},
      shop_id = #{shopId,jdbcType=BIGINT},
      goods_sn = #{goodsSn,jdbcType=VARCHAR},
      detail = #{detail,jdbcType=VARCHAR},
      image_url = #{imageUrl,jdbcType=VARCHAR},
      disabled = #{disabled,jdbcType=TINYINT},
      gmt_create = #{gmtCreate,jdbcType=TIMESTAMP},
      gmt_modify = #{gmtModify,jdbcType=TIMESTAMP}
    where id = #{id,jdbcType=BIGINT}
  </update>
</mapper>