<?xml version="1.0" encoding="UTF-8"?>
<!DOCTYPE mapper PUBLIC "-//mybatis.org//DTD Mapper 3.0//EN" "http://mybatis.org/dtd/mybatis-3-mapper.dtd">
<mapper namespace="com.example.lab2.mapper.ProductPOMapper">
  <resultMap id="BaseResultMap" type="com.example.lab2.PO.ProductPO">
    <!--
      WARNING - @mbg.generated
      This element is automatically generated by MyBatis Generator, do not modify.
    -->
    <id column="id" jdbcType="BIGINT" property="id" />
    <result column="goods_id" jdbcType="BIGINT" property="goodsId" />
    <result column="product_sn" jdbcType="VARCHAR" property="productSn" />
    <result column="name" jdbcType="VARCHAR" property="name" />
    <result column="original_price" jdbcType="INTEGER" property="originalPrice" />
    <result column="weight" jdbcType="INTEGER" property="weight" />
    <result column="image_url" jdbcType="VARCHAR" property="imageUrl" />
    <result column="state" jdbcType="INTEGER" property="state" />
    <result column="detail" jdbcType="VARCHAR" property="detail" />
    <result column="disabled" jdbcType="TINYINT" property="disabled" />
    <result column="gmt_modify" jdbcType="TIMESTAMP" property="gmtModify" />
    <result column="gmt_create" jdbcType="TIMESTAMP" property="gmtCreate" />
  </resultMap>
  <sql id="Example_Where_Clause">
    <!--
      WARNING - @mbg.generated
      This element is automatically generated by MyBatis Generator, do not modify.
    -->
    <where>
      <foreach collection="oredCriteria" item="criteria" separator="or">
        <if test="criteria.valid">
          <trim prefix="(" prefixOverrides="and" suffix=")">
            <foreach collection="criteria.criteria" item="criterion">
              <choose>
                <when test="criterion.noValue">
                  and ${criterion.condition}
                </when>
                <when test="criterion.singleValue">
                  and ${criterion.condition} #{criterion.value}
                </when>
                <when test="criterion.betweenValue">
                  and ${criterion.condition} #{criterion.value} and #{criterion.secondValue}
                </when>
                <when test="criterion.listValue">
                  and ${criterion.condition}
                  <foreach close=")" collection="criterion.value" item="listItem" open="(" separator=",">
                    #{listItem}
                  </foreach>
                </when>
              </choose>
            </foreach>
          </trim>
        </if>
      </foreach>
    </where>
  </sql>
  <sql id="Base_Column_List">
    <!--
      WARNING - @mbg.generated
      This element is automatically generated by MyBatis Generator, do not modify.
    -->
    id, goods_id, product_sn, name, original_price, weight, image_url, state, detail, 
    disabled, gmt_modify, gmt_create
  </sql>
  <select id="selectByExample" parameterType="com.example.lab2.PO.ProductPOExample" resultMap="BaseResultMap">
    <!--
      WARNING - @mbg.generated
      This element is automatically generated by MyBatis Generator, do not modify.
    -->
    select
    <if test="distinct">
      distinct
    </if>
    'false' as QUERYID,
    <include refid="Base_Column_List" />
    from products
    <if test="_parameter != null">
      <include refid="Example_Where_Clause" />
    </if>
    <if test="orderByClause != null">
      order by ${orderByClause}
    </if>
  </select>
  <select id="selectByPrimaryKey" parameterType="java.lang.Long" resultMap="BaseResultMap">
    <!--
      WARNING - @mbg.generated
      This element is automatically generated by MyBatis Generator, do not modify.
    -->
    select 
    <include refid="Base_Column_List" />
    from products
    where id = #{id,jdbcType=BIGINT}
  </select>
  <delete id="deleteByPrimaryKey" parameterType="java.lang.Long">
    <!--
      WARNING - @mbg.generated
      This element is automatically generated by MyBatis Generator, do not modify.
    -->
    delete from products
    where id = #{id,jdbcType=BIGINT}
  </delete>
  <insert id="insert" parameterType="com.example.lab2.PO.ProductPO">
    <!--
      WARNING - @mbg.generated
      This element is automatically generated by MyBatis Generator, do not modify.
    -->
    <selectKey keyProperty="id" order="AFTER" resultType="java.lang.Long">
      SELECT LAST_INSERT_ID()
    </selectKey>
    insert into products (goods_id, product_sn, name, 
      original_price, weight, image_url, 
      state, detail, disabled, 
      gmt_modify, gmt_create)
    values (#{goodsId,jdbcType=BIGINT}, #{productSn,jdbcType=VARCHAR}, #{name,jdbcType=VARCHAR}, 
      #{originalPrice,jdbcType=INTEGER}, #{weight,jdbcType=INTEGER}, #{imageUrl,jdbcType=VARCHAR}, 
      #{state,jdbcType=INTEGER}, #{detail,jdbcType=VARCHAR}, #{disabled,jdbcType=TINYINT}, 
      #{gmtModify,jdbcType=TIMESTAMP}, #{gmtCreate,jdbcType=TIMESTAMP})
  </insert>
  <insert id="insertSelective" parameterType="com.example.lab2.PO.ProductPO">
    <!--
      WARNING - @mbg.generated
      This element is automatically generated by MyBatis Generator, do not modify.
    -->
    <selectKey keyProperty="id" order="AFTER" resultType="java.lang.Long">
      SELECT LAST_INSERT_ID()
    </selectKey>
    insert into products
    <trim prefix="(" suffix=")" suffixOverrides=",">
      <if test="goodsId != null">
        goods_id,
      </if>
      <if test="productSn != null">
        product_sn,
      </if>
      <if test="name != null">
        name,
      </if>
      <if test="originalPrice != null">
        original_price,
      </if>
      <if test="weight != null">
        weight,
      </if>
      <if test="imageUrl != null">
        image_url,
      </if>
      <if test="state != null">
        state,
      </if>
      <if test="detail != null">
        detail,
      </if>
      <if test="disabled != null">
        disabled,
      </if>
      <if test="gmtModify != null">
        gmt_modify,
      </if>
      <if test="gmtCreate != null">
        gmt_create,
      </if>
    </trim>
    <trim prefix="values (" suffix=")" suffixOverrides=",">
      <if test="goodsId != null">
        #{goodsId,jdbcType=BIGINT},
      </if>
      <if test="productSn != null">
        #{productSn,jdbcType=VARCHAR},
      </if>
      <if test="name != null">
        #{name,jdbcType=VARCHAR},
      </if>
      <if test="originalPrice != null">
        #{originalPrice,jdbcType=INTEGER},
      </if>
      <if test="weight != null">
        #{weight,jdbcType=INTEGER},
      </if>
      <if test="imageUrl != null">
        #{imageUrl,jdbcType=VARCHAR},
      </if>
      <if test="state != null">
        #{state,jdbcType=INTEGER},
      </if>
      <if test="detail != null">
        #{detail,jdbcType=VARCHAR},
      </if>
      <if test="disabled != null">
        #{disabled,jdbcType=TINYINT},
      </if>
      <if test="gmtModify != null">
        #{gmtModify,jdbcType=TIMESTAMP},
      </if>
      <if test="gmtCreate != null">
        #{gmtCreate,jdbcType=TIMESTAMP},
      </if>
    </trim>
  </insert>
  <update id="updateByPrimaryKeySelective" parameterType="com.example.lab2.PO.ProductPO">
    <!--
      WARNING - @mbg.generated
      This element is automatically generated by MyBatis Generator, do not modify.
    -->
    update products
    <set>
      <if test="goodsId != null">
        goods_id = #{goodsId,jdbcType=BIGINT},
      </if>
      <if test="productSn != null">
        product_sn = #{productSn,jdbcType=VARCHAR},
      </if>
      <if test="name != null">
        name = #{name,jdbcType=VARCHAR},
      </if>
      <if test="originalPrice != null">
        original_price = #{originalPrice,jdbcType=INTEGER},
      </if>
      <if test="weight != null">
        weight = #{weight,jdbcType=INTEGER},
      </if>
      <if test="imageUrl != null">
        image_url = #{imageUrl,jdbcType=VARCHAR},
      </if>
      <if test="state != null">
        state = #{state,jdbcType=INTEGER},
      </if>
      <if test="detail != null">
        detail = #{detail,jdbcType=VARCHAR},
      </if>
      <if test="disabled != null">
        disabled = #{disabled,jdbcType=TINYINT},
      </if>
      <if test="gmtModify != null">
        gmt_modify = #{gmtModify,jdbcType=TIMESTAMP},
      </if>
      <if test="gmtCreate != null">
        gmt_create = #{gmtCreate,jdbcType=TIMESTAMP},
      </if>
    </set>
    where id = #{id,jdbcType=BIGINT}
  </update>
  <update id="updateByPrimaryKey" parameterType="com.example.lab2.PO.ProductPO">
    <!--
      WARNING - @mbg.generated
      This element is automatically generated by MyBatis Generator, do not modify.
    -->
    update products
    set goods_id = #{goodsId,jdbcType=BIGINT},
      product_sn = #{productSn,jdbcType=VARCHAR},
      name = #{name,jdbcType=VARCHAR},
      original_price = #{originalPrice,jdbcType=INTEGER},
      weight = #{weight,jdbcType=INTEGER},
      image_url = #{imageUrl,jdbcType=VARCHAR},
      state = #{state,jdbcType=INTEGER},
      detail = #{detail,jdbcType=VARCHAR},
      disabled = #{disabled,jdbcType=TINYINT},
      gmt_modify = #{gmtModify,jdbcType=TIMESTAMP},
      gmt_create = #{gmtCreate,jdbcType=TIMESTAMP}
    where id = #{id,jdbcType=BIGINT}
  </update>
</mapper>